"Artifact","Rows","Columns","Schema","MD5","Source","DataKey","GeneratedWith"
"workflow_fit_overview.csv",1,52,"Model|Method|MethodUsed|N|Persons|Facets|FacetInteractions|InteractionParameters|InteractionCells|InteractionSparseCells|Categories|LogLik|AIC|BIC|Converged|InferenceReady|Iterations|IterationsBasis|MMLEngineRequested|MMLEngineUsed|MMLEngineDetail|EMIterations|EMConverged|EMRelativeChange|OptimizerMethod|OptimizerInitialMethod|OptimizerPolished|OptimizerPolishSucceeded|OptimizerPolishStages|RequestedReltol|EffectiveReltol|OptimizerFactr|OptimizerPgtol|InitialTerminalGradientSupNorm|ConvergenceCode|ConvergenceBasis|ConvergenceStatus|ConvergenceReason|ConvergenceSeverity|ConvergenceMessage|ConvergenceDetail|ReviewableWarning|GradientReviewTolerance|FunctionEvaluations|GradientEvaluations|TerminalGradientSupNorm|TerminalGradientRMS|FacetSampleSizeFlag|FacetMinLevelN|FacetSparseCount|ExtremeHighN|ExtremeLowN","9f7d9a616992d4ee8ab4fe9b196795b3","summary(fit_toy)$overview","example_operational","0.2.2"
"workflow_diagnostic_overview.csv",1,10,"Observations|Persons|Facets|Categories|Subsets|ResidualPCA|DiagnosticMode|Method|PrecisionTier|MarginalFit","f17d4884af49bd156345fa1904f21def","summary(diag_toy)$overview","example_operational","0.2.2"
"workflow_plot_components.csv",2,1,"Component","326b7321f002290e175f588d5b174d38","names(plot(fit_toy, draw = FALSE))","example_operational","0.2.2"
"workflow_next_actions.csv",9,5,"Priority|Area|Action|Route|Reason","c891866c4a999354495eed37a10b7051","summary(res_toy)$next_actions","example_operational","0.2.2"
"workflow_report_overview.csv",1,10,"Style|OverallStatus|FirstAction|ReviewAreas|NotComputedAreas|CaveatAreas|OptionalAreas|UnavailableAreas|OkAreas|SourceInclude","bc8ecf8cb76ffc66235228d52634e7e5","summary(report_toy)$overview","example_operational","0.2.2"
"workflow_export_files.csv",6,5,"Component|Format|Path|Note|DataHandling","bd478b0e3c332305883fe6f7173be049","head(export_toy$written_files)","example_operational","0.2.2"
"workflow_summary_classes.csv",3,2,"Object|SummaryClass","579c29bf02330ed9023d66893c4bb23d","class(summary(...))","example_operational","0.2.2"
"workflow_plot_object_components.csv",3,2,"Object|Components","5624803c320bf89c259118bad82aa813","names(plot(..., draw = FALSE))","example_operational","0.2.2"
"workflow_visual_checklist.csv",9,3,"Item|DraftReady|NextAction","5edce12e6ad28cfc96f5ee6cd350b586","reporting_checklist(...), Visual Displays","example_operational","0.2.2"
