"Priority","Area","Action","Route","Reason"
1,"Overview","Read the compact results summary.","summary(res)","Confirms input mode, model, method, section status, table coverage, and available figures."
2,"Triage","Read the first-screen triage before branching.","summary(res)$triage","Triage orders unavailable, review, information, and OK signals across diagnostics, tables, plots, and reporting outputs."
2,"Wright map","Create and inspect the required shared-logit scale map.","plot(res, type = ""wright"", preset = ""publication"", show_ci = TRUE, top_n = Inf)","The Wright map is the primary fitted-scale figure: compare person targeting with facet levels and step thresholds before branching into diagnostics."
3,"Diagnostics","Review diagnostic key warnings before report drafting.","summary(res$diagnostics)$key_warnings","Diagnostic warnings identify the highest-priority fit, precision, residual, or category follow-up checks."
4,"Visual diagnostics","Open the QC dashboard after reviewing the Wright map.","plot(res, type = ""qc"", preset = ""publication"")","The QC dashboard gives a focused follow-up view of fit, residual, and category summaries."
5,"Fit pathway","Review Infit against measure, including selected person rows when useful.","plot(res, type = ""fit_pathway"", fit_stat = ""Infit"", include_person = TRUE, top_n_person = 12, person_labels = ""none"", facet_labels = ""flagged"", preset = ""publication"")","This follow-up separates measure uncertainty from fit displacement while keeping person inclusion explicit."
5,"Precision","Inspect fit, separation, reliability, and ZSTD wording boundaries.","summary(res$components$precision_review)","Precision review keeps fit-size, standardized fit, and separation evidence in separate reporting categories."
6,"Reporting","Use the reporting checklist as a guide for preparing a manuscript.","summary(res$components$reporting_checklist)","Checklist rows identify report-ready, missing, and caveated sections."
11,"Tables","Create an appendix-ready summary-table bundle.","build_summary_table_bundle(res)","The bundle exposes table roles, plot readiness, and conservative appendix presets."
